config,weighted_f1,macro_f1
"{'text_max_len': 30, 'char_max_len': 150, 'word_char_max_len': 20, 'n_units': 128, 'emb_dim': 128, 'n_layers': 2, 'epochs': 500, 'learning_rate': 0.001, 'model_name': 'Transformer', 'loss': 'focal', 'use_features': False}",0.8977843710483492,0.8785636575178364
"{'text_max_len': 30, 'char_max_len': 150, 'word_char_max_len': 20, 'n_units': 128, 'emb_dim': 128, 'n_layers': 2, 'epochs': 500, 'learning_rate': 0.001, 'model_name': 'Transformer', 'loss': 'ce', 'use_features': True}",0.89610452207762,0.8776539353160692
"{'text_max_len': 30, 'char_max_len': 150, 'word_char_max_len': 20, 'n_units': 128, 'emb_dim': 128, 'n_layers': 2, 'epochs': 500, 'learning_rate': 0.001, 'model_name': 'Transformer', 'loss': 'focal', 'use_features': True}",0.9113294256329642,0.8702217441112441
"{'text_max_len': 30, 'char_max_len': 150, 'word_char_max_len': 20, 'n_units': 128, 'emb_dim': 128, 'n_layers': 2, 'epochs': 500, 'learning_rate': 0.001, 'model_name': 'CMSA', 'loss': 'focal', 'use_features': True}",0.9002303418620471,0.868097771023303
"{'text_max_len': 30, 'char_max_len': 150, 'word_char_max_len': 20, 'n_units': 128, 'emb_dim': 128, 'n_layers': 2, 'epochs': 500, 'learning_rate': 0.001, 'model_name': 'HAN', 'loss': 'ce', 'use_features': True}",0.8980349885597171,0.856362887263277
"{'text_max_len': 30, 'char_max_len': 150, 'word_char_max_len': 20, 'n_units': 128, 'emb_dim': 128, 'n_layers': 2, 'epochs': 500, 'learning_rate': 0.001, 'model_name': 'CS_ELMO_without_words', 'loss': 'focal', 'use_features': True}",0.8951416036069929,0.855447702562283
"{'text_max_len': 30, 'char_max_len': 150, 'word_char_max_len': 20, 'n_units': 128, 'emb_dim': 128, 'n_layers': 2, 'epochs': 500, 'learning_rate': 0.001, 'model_name': 'CS_ELMO_without_words', 'loss': 'ce', 'use_features': True}",0.8980676690069529,0.8536616058812654
"{'text_max_len': 30, 'char_max_len': 150, 'word_char_max_len': 20, 'n_units': 128, 'emb_dim': 128, 'n_layers': 2, 'epochs': 500, 'learning_rate': 0.001, 'model_name': 'HAN', 'loss': 'focal', 'use_features': True}",0.8979235932777082,0.8534226430493314
"{'text_max_len': 30, 'char_max_len': 150, 'word_char_max_len': 20, 'n_units': 128, 'emb_dim': 128, 'n_layers': 2, 'epochs': 500, 'learning_rate': 0.001, 'model_name': 'CMSA', 'loss': 'ce', 'use_features': True}",0.8976205953670743,0.8519739519739519
"{'text_max_len': 30, 'char_max_len': 150, 'word_char_max_len': 20, 'n_units': 128, 'emb_dim': 128, 'n_layers': 2, 'epochs': 500, 'learning_rate': 0.001, 'model_name': 'CS_ELMO_without_words', 'loss': 'ce', 'use_features': False}",0.8834670677086455,0.8404658583696589
"{'text_max_len': 30, 'char_max_len': 150, 'word_char_max_len': 20, 'n_units': 128, 'emb_dim': 128, 'n_layers': 2, 'epochs': 500, 'learning_rate': 0.001, 'model_name': 'HAN', 'loss': 'focal', 'use_features': False}",0.8825271920820973,0.8378251136520182
"{'text_max_len': 30, 'char_max_len': 150, 'word_char_max_len': 20, 'n_units': 128, 'emb_dim': 128, 'n_layers': 2, 'epochs': 500, 'learning_rate': 0.001, 'model_name': 'HAN', 'loss': 'ce', 'use_features': False}",0.8807144327687302,0.8329947665161442
"{'text_max_len': 30, 'char_max_len': 150, 'word_char_max_len': 20, 'n_units': 128, 'emb_dim': 128, 'n_layers': 2, 'epochs': 500, 'learning_rate': 0.001, 'model_name': 'CMSA', 'loss': 'focal', 'use_features': False}",0.8737438961827061,0.8240281177171224
"{'text_max_len': 30, 'char_max_len': 150, 'word_char_max_len': 20, 'n_units': 128, 'emb_dim': 128, 'n_layers': 2, 'epochs': 500, 'learning_rate': 0.001, 'model_name': 'CS_ELMO_without_words', 'loss': 'focal', 'use_features': False}",0.869826241833284,0.8188335787019998
"{'text_max_len': 30, 'char_max_len': 150, 'word_char_max_len': 20, 'n_units': 128, 'emb_dim': 128, 'n_layers': 2, 'epochs': 500, 'learning_rate': 0.001, 'model_name': 'CMSA', 'loss': 'ce', 'use_features': False}",0.8699380407752999,0.8176985354990068
"{'text_max_len': 30, 'char_max_len': 150, 'word_char_max_len': 20, 'n_units': 128, 'emb_dim': 128, 'n_layers': 2, 'epochs': 500, 'learning_rate': 0.001, 'model_name': 'Transformer', 'loss': 'ce', 'use_features': False}",0.8779499405225324,0.812736044963533
